Target.X,Target.Y,Pupil.X,Pupil.Y
310.1167,91.02361,39.03545,202.1763
273.3243,159.4259,41.72319,221.5187
199.1997,242.1517,63.02412,239.1718
