Target.X,Target.Y,Pupil.X,Pupil.Y
290.4222,99.79661,180.4442,105.0753
289.478,83.02978,180.27,99.74891
381.7416,179.6617,159.5916,150.0535
