Pupil.X,Pupil.Y,Estimated.X,Estimated.Y,Measure.X,Measure.Y
78.73886,125.4657,351.7071,93.35823,308.1384,120.0847
78.48584,127.3692,354.3424,98.89297,310.4146,126.5878
78.28578,129.8362,356.8528,106.3813,311.9089,135.0905
79.25613,130.455,352.8461,109.9063,309.448,138.9406
